brand,platform,source_url,product_or_sku,evidence_type,sentiment,verbatim_quote,normalized_theme,customer_problem,desired_result,alternative_solution,conversion_reason,objection_or_friction,rebuttal_or_solution_angle,creative_use,competitor_advantage,hero_brand_counter_angle,price_or_option_comparison,switching_signal,customer_quote_source,sample_or_count,collection_depth,confidence,limitations
Good Kitty Co,Official site / Thingtesting,goodkittyco.com/products/uti-biome-shield,UTI Biome Shield,third_party,shining,Tried every cranberry pill on the market... this was the first one that actually felt different and recurring issues finally stopped (paraphrased),Product differentiation vs prior failed attempts,Chronic recurrence despite trying multiple cranberry products,Recurrence to stop for good,,Perceived difference in formula/effect,,,testimonial,,,,,hero brand,1 testimonial,search-index paraphrase,Low,Original page unreachable (egress-blocked); paraphrase not verbatim
Good Kitty Co,Official site / Thingtesting,goodkittyco.com/products/the-refill-uti-biome-shield,UTI Biome Shield,third_party,shining,On prophylactic antibiotics for almost two years... after 6 months had not experienced a single UTI (paraphrased),Escape from long-term prophylactic antibiotics,"Long-term antibiotic dependency, fear of resistance",Antibiotic-free prevention that actually holds,,Wanting off antibiotics,,,"testimonial, headline",,,,,hero brand,1 testimonial,search-index paraphrase,Low,Original page unreachable; paraphrase not verbatim
Good Kitty Co,Official site,goodkittyco.com,UTI Biome Shield,third_party,shining,Chronic UTIs... Good Kitty has stopped them; also notes a pretty container (paraphrased),Aesthetic/design as a secondary but real praise point,Recurrent chronic UTIs,Stop recurrence + product that looks good in the bathroom,,Packaging/design,,,"testimonial, body_copy",,,,,hero brand,1 testimonial,search-index paraphrase,Low,Original page unreachable; paraphrase not verbatim
Good Kitty Co,Official site,goodkittyco.com,UTI Biome Shield,third_party,shining,"Antibiotics were becoming ineffective... one sending them to the ER, but Good Kitty has enabled them to have fun again (paraphrased)",Antibiotic failure to prevention success,Antibiotic resistance / ER-level flare-ups,Return to normal intimate life without fear,,Desperation after antibiotic failure,,,"testimonial, hook",,,,,hero brand,1 testimonial,search-index paraphrase,Low,Original page unreachable; paraphrase not verbatim
Good Kitty Co,Official site,goodkittyco.com,UTI Biome Shield,third_party,shining,"A urogynecologist recommended it as part of an existing care plan... easy to take, no weird side effects, gave them a sense of control (paraphrased)",Physician endorsement plus emotional control,Feeling out of control over recurring symptoms,"Sense of agency/control, not just fewer infections",,Doctor recommendation,,,"testimonial, objection_handling",,,,,hero brand,1 testimonial,search-index paraphrase,Low,Original page unreachable; paraphrase not verbatim
Good Kitty Co,Official site,goodkittyco.com,UTI Biome Shield,third_party,shining,Finding an effective supplement like UTI Biome Shield has been life-changing (paraphrased),High-intensity satisfaction language,Prior product failures,"Life-changing relief, not incremental improvement",,,,,headline,,,,,hero brand,1 testimonial,search-index paraphrase,Low,Original page unreachable; paraphrase not verbatim
Good Kitty Co,Trustpilot,N/A,N/A,platform_aggregation,neutral,,No Trustpilot profile found,,,,,,,research_only,,,,,hero brand,0 (two targeted searches),search-index only,High (in the absence finding),Two independent searches found no matching Trustpilot profile; may simply not exist yet
Good Kitty Co,Reddit,N/A,N/A,platform_aggregation,neutral,,No Reddit discussion surfaced,,,,,,,research_only,,,,,hero brand,"0 threads, 4 query families","search-index only, direct Reddit blocked","Medium (absence), Low (certainty of true zero)",Direct Reddit access blocked; search backend did not honor site:reddit.com reliably across any brand tested
Good Kitty Co,Amazon,N/A,N/A,platform_aggregation,neutral,,No Amazon listing found,,,,,,,research_only,,,,,hero brand,"0 listings, 2 queries","search-index only, direct Amazon blocked",Medium,DTC-only distribution model likely explains this; cannot fully rule out an unindexed listing
Good Kitty Co,IFundWomen (crowdfunding),ifundwomen.com/projects/good-kitty-0,UTI Biome Shield,first_party,neutral,UTIs affect 30 million sexually active women in the US each year; recurrence happens to 1 in 5 (paraphrased),Market sizing / category framing used by the brand itself,Category-wide recurrence rate,,,,,,research_only,,,,,hero brand,1 source,search-index summary,Medium,Market-size stat not independently re-verified against a primary epidemiological source
Uqora,Trustpilot/BBB (proxy),trustpilot.com/review/uqora.com,,third_party,shining,Almost 5 years UTI free (paraphrased),Long-term prevention success,,,,,,,,Multi-year proof-of-work customers can point to,"Good Kitty needs its own long-horizon retention stories, not just 6-month ones",,Retention (staying with Uqora),competitor brand,1 quote,search-index paraphrase,Low-Medium,"Paraphrase, not verbatim"
Uqora,Trustpilot/BBB (proxy),trustpilot.com/review/uqora.com,,third_party,criticism,D-Mannose does nothing to prevent or treat UTIs... ridiculously expensive and a complete waste of money (paraphrased),Efficacy and value skepticism,,,,,Perceived lack of efficacy for the price,"Lead with PAC-dose specificity, not d-mannose alone",,,Good Kitty can pre-empt this exact objection with dose transparency,,Switching away / never trying,competitor brand,1 quote,search-index paraphrase,Low-Medium,"Paraphrase, not verbatim"
Uqora,Trustpilot/BBB (proxy),trustpilot.com/review/uqora.com,,third_party,criticism,Shipping delays / confusion over the auto-ship system (paraphrased),Subscription/billing friction,,,,,Auto-ship confusion,Make cancel/modify terms explicit and visible before the objection surfaces,,,,,Switching away (cancellation friction),competitor brand,1 quote,search-index paraphrase,Low-Medium,"Paraphrase, not verbatim"
Uqora,Reviews.io,reviews.io/company-reviews/store/uqora,,third_party,neutral,,Independent review volume signal,,,,,,,,157 independent reviews is a trust signal Good Kitty doesn't yet have anywhere,Prioritize building independent-platform review volume before scaling paid spend,,,competitor brand,157 reviews (count only),search-index summary,Medium,"Count only, no individual review text sampled"
Uqora,Amazon,amazon.com/stores/UQORA,Flush + Depend + Promote bundle,third_party,shining,,Low Amazon review volume relative to brand size,,,,,,,,Official storefront exists but appears secondary to DTC,,"4.5/5, 26 reviews on this bundle",,competitor brand,26 reviews on 1 bundle SKU,search-index summary,Medium,Full catalog not enumerated; single SKU only
Uqora,Reddit,N/A,,platform_aggregation,neutral,,"No Reddit discussion surfaced (search-tool limitation, not likely a true absence)",,,,,,,,,,,,competitor brand,0 threads,"search-index only, direct Reddit blocked",Low (as an absence finding),This search backend did not reliably index Reddit for any brand tested this run
AZO,Walmart,"walmart.com (AZO Cranberry, 50-count)",,third_party,shining,,Mass-market satisfaction at scale,,,,,,,,"~2,749 reviews at ~93% four/five-star is a volume + trust moat",Cannot out-volume this; compete on depth of story instead,,,competitor brand,"2,749 reviews (2306 5-star, 256 4-star, 77 3-star, 36 2-star, 74 1-star)",search-index summary,Medium,"Aggregate distribution only, no individual review text sampled"
AZO,Drugs.com,drugs.com/comments/cranberry/azo-cranberry.html,,third_party,mixed,,Clinical-audience skepticism (same product reads very differently across platforms),,,,,,,,,,,,competitor brand,"19 reviews, avg 5.1/10",search-index summary,High (the cross-platform gap itself is well evidenced),Small sample (n=19); clinical-review-site audience likely skews toward reporting problems
AZO,Drugs.com (via search summary),drugs.com,,third_party,criticism,"Dizziness, foggy brain, nerve pain, headaches, tinnitus, and extreme tiredness after taking AZO daily for two years (paraphrased, one reviewer)",Long-term-use safety concern (single report),,,,,"Is this safe to take daily, long-term?",Address long-term safety proactively and honestly in Good Kitty's own content; do not use this uncorroborated report to disparage AZO,,,,,,competitor brand,1 report,search-index paraphrase,Low,"Single reviewer, no causality established, paraphrase not verbatim"
AZO,Amazon,amazon.com/gp/aw/reviews/B004RR1FF6,"Cranberry Supplement, Concentrated Whole Fruit Cranberry Powder, 100 Softgels",third_party,shining,,Largest review-volume data point in this entire research run,,,,,,,,"Retail-scale distribution advantage; wins on ubiquity and pre-existing trust, not story","Differentiate on doctor-formulated specificity, design, and prevention-first framing rather than trying to out-scale AZO","4.7/5, 58,608 global ratings",,competitor brand,"58,608 ratings",search-index summary (rating appeared directly in result text),Medium-High,Page not opened directly; global rating scope not disaggregated by region
AZO,Reddit,N/A,,platform_aggregation,neutral,,No Reddit discussion surfaced (search-tool limitation),,,,,,,,,,,,competitor brand,0 threads,"search-index only, direct Reddit blocked",Low (as an absence finding),Same search-backend limitation as all other brands in this run
Utiva,Semaine Health blog (competitor-authored comparison),semainehealth.com/blogs/science/semaine-vs-uqora-vs-utiva-urinary,,third_party,mixed,"The one competitor here that declares its PAC number honestly, 36 mg measured by DMAC/A2, at the highest price of the four, though its trial compared two doses rather than a placebo and missed significance on its primary comparison (paraphrased)",Ingredient-dose transparency as credibility; but trial design contestable,,,,,,,,Transparent PAC dosing builds category-wide credibility,State Good Kitty's own 38mg PACphenol dose with equal specificity; comparable or slightly higher than Utiva's disclosed 36mg,Positioned as highest-priced of the compared set,,"competitor brand (claim made by a rival brand, Semaine Health, about Utiva)",1 article,search-index paraphrase,Low-Medium,"Source is a rival brand's own comparison article, not neutral; trial-design criticism unverified independently"
Utiva,Amazon,amazon.com/dp/B07PQYS14V and related bundle ASINs,Cranberry PACs 36mg + bundles,third_party,neutral,,Reseller/bundle distribution rather than clean official storefront,,,,,,,,,"Good Kitty's clean DTC-only purchase path ('buy direct, no resellers') is a minor but real trust advantage to state plainly",$1.22-$1.33/day depending on pack size; ~$36-$40/month amortized,Possible trust friction from third-party 'Szio+' reseller bundling,competitor brand,"Several ASINs found, ratings not surfaced",search-index summary,Medium,Individual product ratings/review counts not surfaced this cycle
Utiva,Reddit,N/A,,platform_aggregation,neutral,,No Reddit discussion surfaced,,,,,,,,,,,,competitor brand,0 threads,"search-index only, direct Reddit blocked",Low-Medium (some genuine absence plausible given smaller brand size),Same search-backend limitation as all other brands in this run
Utiva,Trustpilot,N/A,,platform_aggregation,neutral,,No Trustpilot profile found,,,,,,,,,,,,competitor brand,0 (targeted search),search-index only,Medium,First-party reviews page (utivahealth.com/pages/reviews) exists but content not surfaced
